INSERT INTO did (id, external_key, did, raw_data, registered_at)
VALUES (1, '0dac2f99-8fbf-406a-b4e6-e4247039e761', 'QQQdid:ebsi:zqk4QzR8JMPDsPAdWhWJPLQ#kvk_registration',
        '{"@context":["https://www.w3.org/ns/did/v1","https://w3id.org/security/suites/jws-2020/v1"],"service":[{"id":"did:ebsi:zqk4QzR8JMPDsPAdWhWJPLQ#kvk_registration","type":"LinkedVerifiablePresentation","serviceEndpoint":"https://wallet.acc.credenco.com/api/linkedvp/613ffa41-477a-4b62-a436-b85e5b5118f2/kvk_registration"},{"id":"did:ebsi:zqk4QzR8JMPDsPAdWhWJPLQ#einvoicing","type":"eInvoice","serviceEndpoint":"https://einvoice.dutchcrafting.com/einvoice"}],"id":"did:ebsi:zqk4QzR8JMPDsPAdWhWJPLQ","controller":["did:ebsi:zqk4QzR8JMPDsPAdWhWJPLQ"],"verificationMethod":[{"id":"did:ebsi:zqk4QzR8JMPDsPAdWhWJPLQ#hp2ffVYXOo-yVB156MEZ0t0xGMspujEuFk6Sp464ooM","type":"JsonWebKey2020","controller":"did:ebsi:zqk4QzR8JMPDsPAdWhWJPLQ","publicKeyJwk":{"kty":"EC","crv":"secp256k1","x":"R1RIM8OwCoyXjrY9pOsxyskz5iU3OmJ_666XUoW_MDk","y":"jmUmYgZUx1fve7Ovl2bQeN6r-uuvxVwGbaLM3oqLMv8"}},{"id":"did:ebsi:zqk4QzR8JMPDsPAdWhWJPLQ#ML7UeMuMJul4uxfQnb-0Z3JVU44pci0LYYfXD1ZbIow","type":"JsonWebKey2020","controller":"did:ebsi:zqk4QzR8JMPDsPAdWhWJPLQ","publicKeyJwk":{"kty":"EC","x":"rI4lmmeV8DjrQ6UHcW4MGJYjEPydIuFriAZC1YX7888","y":"_IMMWrRuCsiLFMZ0yb4FzVF2Uo3AtURW2Acr9sDL7o0","crv":"P-256"}}],"authentication":["did:ebsi:zqk4QzR8JMPDsPAdWhWJPLQ#hp2ffVYXOo-yVB156MEZ0t0xGMspujEuFk6Sp464ooM","did:ebsi:zqk4QzR8JMPDsPAdWhWJPLQ#ML7UeMuMJul4uxfQnb-0Z3JVU44pci0LYYfXD1ZbIow"],"assertionMethod":["did:ebsi:zqk4QzR8JMPDsPAdWhWJPLQ#ML7UeMuMJul4uxfQnb-0Z3JVU44pci0LYYfXD1ZbIow"],"capabilityInvocation":["did:ebsi:zqk4QzR8JMPDsPAdWhWJPLQ#hp2ffVYXOo-yVB156MEZ0t0xGMspujEuFk6Sp464ooM"]}',
        '2025-01-10 15:25:37');

INSERT INTO did (id, external_key, did, raw_data, registered_at)
VALUES (2, 'e8040b9c-6d29-42e6-adc4-2976dd537b2e', 'did:ebsi:zqk4QzR8JMPDsPAdWhWJPLQ#kvk_registration',
        '{"@context":["https://www.w3.org/ns/did/v1","https://w3id.org/security/suites/jws-2020/v1"],"service":[{"id":"did:ebsi:zqk4QzR8JMPDsPAdWhWJPLQ#kvk_registration","type":"LinkedVerifiablePresentation","serviceEndpoint":"https://wallet.acc.credenco.com/api/linkedvp/613ffa41-477a-4b62-a436-b85e5b5118f2/kvk_registration"},{"id":"did:ebsi:zqk4QzR8JMPDsPAdWhWJPLQ#einvoicing","type":"eInvoice","serviceEndpoint":"https://einvoice.dutchcrafting.com/einvoice"}],"id":"did:ebsi:zqk4QzR8JMPDsPAdWhWJPLQ","controller":["did:ebsi:zqk4QzR8JMPDsPAdWhWJPLQ"],"verificationMethod":[{"id":"did:ebsi:zqk4QzR8JMPDsPAdWhWJPLQ#hp2ffVYXOo-yVB156MEZ0t0xGMspujEuFk6Sp464ooM","type":"JsonWebKey2020","controller":"did:ebsi:zqk4QzR8JMPDsPAdWhWJPLQ","publicKeyJwk":{"kty":"EC","crv":"secp256k1","x":"R1RIM8OwCoyXjrY9pOsxyskz5iU3OmJ_666XUoW_MDk","y":"jmUmYgZUx1fve7Ovl2bQeN6r-uuvxVwGbaLM3oqLMv8"}},{"id":"did:ebsi:zqk4QzR8JMPDsPAdWhWJPLQ#ML7UeMuMJul4uxfQnb-0Z3JVU44pci0LYYfXD1ZbIow","type":"JsonWebKey2020","controller":"did:ebsi:zqk4QzR8JMPDsPAdWhWJPLQ","publicKeyJwk":{"kty":"EC","x":"rI4lmmeV8DjrQ6UHcW4MGJYjEPydIuFriAZC1YX7888","y":"_IMMWrRuCsiLFMZ0yb4FzVF2Uo3AtURW2Acr9sDL7o0","crv":"P-256"}}],"authentication":["did:ebsi:zqk4QzR8JMPDsPAdWhWJPLQ#hp2ffVYXOo-yVB156MEZ0t0xGMspujEuFk6Sp464ooM","did:ebsi:zqk4QzR8JMPDsPAdWhWJPLQ#ML7UeMuMJul4uxfQnb-0Z3JVU44pci0LYYfXD1ZbIow"],"assertionMethod":["did:ebsi:zqk4QzR8JMPDsPAdWhWJPLQ#ML7UeMuMJul4uxfQnb-0Z3JVU44pci0LYYfXD1ZbIow"],"capabilityInvocation":["did:ebsi:zqk4QzR8JMPDsPAdWhWJPLQ#hp2ffVYXOo-yVB156MEZ0t0xGMspujEuFk6Sp464ooM"]}',
        '2025-01-12 07:50:17');

INSERT INTO did_service (id, did_id, service_id, service_type, service_type_json, service_endpoint, service_endpoint_json, raw_data)
VALUES (11, 1, 'did:ebsi:zqk4QzR8JMPDsPAdWhWJPLQ#kvk_registration', 'LinkedVerifiablePresentation', null,
        'https://wallet.acc.credenco.com/api/linkedvp/613ffa41-477a-4b62-a436-b85e5b5118f2/kvk_registration', null, null);
INSERT INTO did_service (id, did_id, service_id, service_type, service_type_json, service_endpoint, service_endpoint_json, raw_data)
VALUES (12, 1, 'did:ebsi:zqk4QzR8JMPDsPAdWhWJPLQ#einvoicing', 'eInvoice', null, 'https://einvoice.dutchcrafting.com/einvoice', null, null);
INSERT INTO did_service (id, did_id, service_id, service_type, service_type_json, service_endpoint, service_endpoint_json, raw_data)
VALUES (15, 2, 'did:ebsi:zqk4QzR8JMPDsPAdWhWJPLQ#kvk_registration', 'LinkedVerifiablePresentation', null,
        'https://wallet.acc.credenco.com/api/linkedvp/613ffa41-477a-4b62-a436-b85e5b5118f2/kvk_registration', null, null);
INSERT INTO did_service (id, did_id, service_id, service_type, service_type_json, service_endpoint, service_endpoint_json, raw_data)
VALUES (16, 2, 'did:ebsi:zqk4QzR8JMPDsPAdWhWJPLQ#einvoicing', 'eInvoice', null, 'https://einvoice.dutchcrafting.com/einvoice', null, null);

INSERT INTO credential (id, did_service_id, type, status, last_updated, content)
VALUES (6, 11, 'ContactInfo', 'UNCHECKED', '2025-01-12 07:49:23', null);
INSERT INTO credential (id, did_service_id, type, status, last_updated, content)
VALUES (7, 11, 'KVKRegistration', 'UNCHECKED', '2025-01-12 07:50:31', null);
INSERT INTO credential (id, did_service_id, type, status, last_updated, content)
VALUES (10, 15, 'KVKRegistration', 'UNCHECKED', '2025-01-12 08:44:30', null);

delete
from credential_attribute
where credential_id = 6;
INSERT INTO credential_attribute (id, credential_id, attribute_key, attribute_value)
VALUES (31, 6, 'id',
        'did:jwk:eyJrdHkiOiJPS1AiLCJjcnYiOiJFZDI1NTE5Iiwia2lkIjoidkpkVTBPdG1TQVU4VE1uaVRqS2I0TUdWMzRZTmdibG5NM0pMMk1LZllSOCIsIngiOiIxUDdHV0dsOGFyV3NRRi10QXQ2WU9OLWxNLU9vS3FKTG5lVnJaTEhVSnlvIn0');
INSERT INTO credential_attribute (id, credential_id, attribute_key, attribute_value)
VALUES (32, 6, 'legalName', 'Credenco B.V.');
INSERT INTO credential_attribute (id, credential_id, attribute_key, attribute_value)
VALUES (33, 6, 'emailAddress', 'info@credenco.com');
INSERT INTO credential_attribute (id, credential_id, attribute_key, attribute_value)
VALUES (34, 6, 'telephone', '+31 85 820 97 25');
INSERT INTO credential_attribute (id, credential_id, attribute_key, attribute_value)
VALUES (35, 6, 'url', 'https://www.credenco.com');
INSERT INTO credential_attribute (id, credential_id, attribute_key, attribute_value)
VALUES (36, 6, 'location.address.postalCode', '2411 PV');
INSERT INTO credential_attribute (id, credential_id, attribute_key, attribute_value)
VALUES (37, 6, 'location.address.streetAddress', 'Tolnasingel 3');
INSERT INTO credential_attribute (id, credential_id, attribute_key, attribute_value)
VALUES (38, 6, 'location.address.addressLocality', 'Bodegraven, The Netherlands');
INSERT INTO credential_attribute (id, credential_id, attribute_key, attribute_value)
VALUES (39, 6, 'location.geo.latitude', '52.0682894');
INSERT INTO credential_attribute (id, credential_id, attribute_key, attribute_value)
VALUES (40, 6, 'location.geo.longitude', '4.762281');

delete
from credential_attribute
where credential_id = 7;
INSERT INTO credential_attribute (id, credential_id, attribute_key, attribute_value)
VALUES (50, 7, 'id',
        'did:jwk:eyJrdHkiOiJPS1AiLCJjcnYiOiJFZDI1NTE5Iiwia2lkIjoidkpkVTBPdG1TQVU4VE1uaVRqS2I0TUdWMzRZTmdibG5NM0pMMk1LZllSOCIsIngiOiIxUDdHV0dsOGFyV3NRRi10QXQ2WU9OLWxNLU9vS3FKTG5lVnJaTEhVSnlvIn0');
INSERT INTO credential_attribute (id, credential_id, attribute_key, attribute_value)
VALUES (51, 7, 'kvkNummer', '12345678');
INSERT INTO credential_attribute (id, credential_id, attribute_key, attribute_value)
VALUES (52, 7, 'naam', 'Credenco B.V.');
INSERT INTO credential_attribute (id, credential_id, attribute_key, attribute_value)
VALUES (53, 7, 'rechtsvorm', 'Besloten Vennootschap');
INSERT INTO credential_attribute (id, credential_id, attribute_key, attribute_value)
VALUES (54, 7, 'startdatum', '1992-07-04');
INSERT INTO credential_attribute (id, credential_id, attribute_key, attribute_value)
VALUES (55, 7, 'einddatum', '');

delete
from credential_attribute
where credential_id = 10;
INSERT INTO credential_attribute (id, credential_id, attribute_key, attribute_value)
VALUES (70, 10, 'id',
        'did:jwk:eyJrdHkiOiJPS1AiLCJjcnYiOiJFZDI1NTE5Iiwia2lkIjoidkpkVTBPdG1TQVU4VE1uaVRqS2I0TUdWMzRZTmdibG5NM0pMMk1LZllSOCIsIngiOiIxUDdHV0dsOGFyV3NRRi10QXQ2WU9OLWxNLU9vS3FKTG5lVnJaTEhVSnlvIn0');
INSERT INTO credential_attribute (id, credential_id, attribute_key, attribute_value)
VALUES (71, 10, 'kvkNummer', '24129876');
INSERT INTO credential_attribute (id, credential_id, attribute_key, attribute_value)
VALUES (72, 10, 'naam', 'DutchCraft Furnishing');
INSERT INTO credential_attribute (id, credential_id, attribute_key, attribute_value)
VALUES (73, 10, 'rechtsvorm', 'Besloten Vennootschap');
INSERT INTO credential_attribute (id, credential_id, attribute_key, attribute_value)
VALUES (74, 10, 'startdatum', '2022-07-01');
INSERT INTO credential_attribute (id, credential_id, attribute_key, attribute_value)
VALUES (75, 10, 'einddatum', '');
